{"KNN": [0.975735294117647, 0.9845588235294118, 0.9845588235294118, 0.9786764705882353, 0.9845588235294118, 0.9772058823529411, 0.9786764705882353, 0.9786764705882353, 0.9772058823529411, 0.9794117647058823], "MLP": [0.9764705882352941, 0.9786764705882353, 0.9845588235294118, 0.9838235294117647, 0.9830882352941176, 0.9845588235294118, 0.9838235294117647, 0.9816176470588235, 0.9860294117647059, 0.9801470588235294], "RandomForest": [0.9720588235294118, 0.9875, 0.9852941176470589, 0.9860294117647059, 0.9889705882352942, 0.9838235294117647, 0.986764705882353, 0.9794117647058823, 0.9875, 0.9808823529411764], "GradientBoost": [0.9742647058823529, 0.986764705882353, 0.9860294117647059, 0.9845588235294118, 0.9897058823529412, 0.9860294117647059, 0.9845588235294118, 0.9808823529411764, 0.9860294117647059, 0.9816176470588235]}