{"KNN": [0.9704035874439463, 0.9813664596273292, 0.9807516040329972, 0.9736603088101725, 0.980244590780809, 0.971375807940905, 0.9719806763285024, 0.974404236540159, 0.972972972972973, 0.9735849056603774], "MLP": [0.9723661485319516, 0.9752770673486786, 0.9814323607427056, 0.9808695652173912, 0.979185520361991, 0.9814651368049426, 0.9796672828096119, 0.9788672865595943, 0.9841004184100417, 0.9756975697569757], "RandomForest": [0.9666080843585237, 0.9852045256744996, 0.9819494584837546, 0.983170947741364, 0.9862763037511436, 0.9801444043321301, 0.9831144465290806, 0.9759036144578314, 0.9855564995751911, 0.9761467889908256], "GradientBoost": [0.9691629955947137, 0.9842931937172774, 0.9827742520398912, 0.9813333333333334, 0.987108655616943, 0.9827742520398912, 0.980244590780809, 0.9775862068965517, 0.9838022165387894, 0.9768732654949122]}