{"KNN": [0.9592198581560284, 0.9634146341463414, 0.9622302158273381, 0.950354609929078, 0.9612546125461254, 0.9460431654676259, 0.9454887218045113, 0.9517241379310345, 0.9473684210526315, 0.9502762430939227], "MLP": [0.99822695035461, 0.9965156794425087, 0.9982014388489209, 1.0, 0.9981549815498155, 1.0, 0.9962406015037594, 0.9982758620689656, 0.99830220713073, 0.998158379373849], "RandomForest": [0.975177304964539, 0.9860627177700348, 0.9784172661870504, 0.9840425531914894, 0.9944649446494465, 0.9766187050359713, 0.9849624060150376, 0.9775862068965517, 0.9847198641765704, 0.9797421731123389], "GradientBoost": [0.975177304964539, 0.9825783972125436, 0.9748201438848921, 0.9787234042553191, 0.988929889298893, 0.9748201438848921, 0.9793233082706767, 0.9775862068965517, 0.9796264855687606, 0.9723756906077348]}